ZIPファイル名,出力年月日・時刻,地番区域,地番,地番区域（筆界未定地構成地番）,地番（筆界未定地構成地番）
13402-0100-1.zip,202202011043,青ヶ島村,1601-1,,
13402-0100-1.zip,202202011043,青ヶ島村,1601-2,,
13402-0100-1.zip,202202011043,青ヶ島村,1601-3,,
13402-0100-1.zip,202202011043,青ヶ島村,1602,,
13402-0100-1.zip,202202011043,青ヶ島村,1603,,
13402-0100-1.zip,202202011043,青ヶ島村,1604,,
13402-0100-1.zip,202202011043,青ヶ島村,1605-1,,
13402-0100-1.zip,202202011043,青ヶ島村,1605-2,,
13402-0100-1.zip,202202011043,青ヶ島村,1606,,
13402-0100-1.zip,202202011043,青ヶ島村,1607,,
13402-0100-1.zip,202202011043,青ヶ島村,1608,,
13402-0100-1.zip,202202011043,青ヶ島村,1609-1,,
13402-0100-1.zip,202202011043,青ヶ島村,1609-2,,
13402-0100-1.zip,202202011043,青ヶ島村,1610-1,,
13402-0100-1.zip,202202011043,青ヶ島村,1610-2,,
13402-0100-1.zip,202202011043,青ヶ島村,1611-1,,
13402-0100-1.zip,202202011043,青ヶ島村,1611-2,,
13402-0100-1.zip,202202011043,青ヶ島村,1612,,
13402-0100-1.zip,202202011043,青ヶ島村,1613,,
13402-0100-1.zip,202202011043,青ヶ島村,1614,,
13402-0100-1.zip,202202011043,青ヶ島村,1615-1,,
13402-0100-1.zip,202202011043,青ヶ島村,1615-2,,
13402-0100-1.zip,202202011043,青ヶ島村,1615-3,,
13402-0100-1.zip,202202011043,青ヶ島村,1617,,
13402-0100-1.zip,202202011043,青ヶ島村,1618,,
13402-0100-1.zip,202202011043,青ヶ島村,1619-1,,
13402-0100-1.zip,202202011043,青ヶ島村,1619-2,,
13402-0100-1.zip,202202011043,青ヶ島村,1619-3,,
13402-0100-1.zip,202202011043,青ヶ島村,1620,,
13402-0100-1.zip,202202011043,青ヶ島村,1621-1,,
13402-0100-1.zip,202202011043,青ヶ島村,1621-2,,
13402-0100-1.zip,202202011043,青ヶ島村,1622,,
13402-0100-1.zip,202202011043,青ヶ島村,1623,,
13402-0100-1.zip,202202011043,青ヶ島村,1624,,
13402-0100-1.zip,202202011043,青ヶ島村,1625,,
13402-0100-1.zip,202202011043,青ヶ島村,1626,,
13402-0100-1.zip,202202011043,青ヶ島村,1627,,
13402-0100-1.zip,202202011043,青ヶ島村,1628,,
13402-0100-1.zip,202202011043,青ヶ島村,1629,,
13402-0100-1.zip,202202011043,青ヶ島村,1630-1,,
13402-0100-1.zip,202202011043,青ヶ島村,1630-2,,
13402-0100-1.zip,202202011043,青ヶ島村,1630-3,,
13402-0100-1.zip,202202011043,青ヶ島村,1631,,
13402-0100-1.zip,202202011043,青ヶ島村,1632,,
13402-0100-1.zip,202202011043,青ヶ島村,1633,,
13402-0100-1.zip,202202011043,青ヶ島村,1634,,
13402-0100-1.zip,202202011043,青ヶ島村,1650,,
13402-0100-1.zip,202202011043,青ヶ島村,1651,,
13402-0100-1.zip,202202011043,青ヶ島村,1652,,
13402-0100-1.zip,202202011043,青ヶ島村,1653,,
13402-0100-1.zip,202202011043,青ヶ島村,1654,,
13402-0100-1.zip,202202011043,青ヶ島村,1655,,
13402-0100-1.zip,202202011043,青ヶ島村,1656,,
13402-0100-1.zip,202202011043,青ヶ島村,1657,,
13402-0100-1.zip,202202011043,青ヶ島村,1658,,
13402-0100-1.zip,202202011043,青ヶ島村,1659,,
13402-0100-1.zip,202202011043,青ヶ島村,地区外-1474993,,
13402-0100-1.zip,202202011043,青ヶ島村,地区外-1474994,,
13402-0100-1.zip,202202011043,青ヶ島村,地区外-1474995,,
13402-0100-1.zip,202202011043,青ヶ島村,地区外-1474996,,
13402-0100-1.zip,202202011043,青ヶ島村,地区外-1474997,,
13402-0100-1.zip,202202011043,青ヶ島村,地区外-1474998,,
13402-0100-1.zip,202202011043,青ヶ島村,地区外-1474999,,
13402-0100-1.zip,202202011043,青ヶ島村,地区外-1475000,,
13402-0100-2.zip,202202011043,青ヶ島村,100-1,,
13402-0100-2.zip,202202011043,青ヶ島村,100-2,,
13402-0100-2.zip,202202011043,青ヶ島村,102,,
13402-0100-2.zip,202202011043,青ヶ島村,121,,
13402-0100-2.zip,202202011043,青ヶ島村,124,,
13402-0100-2.zip,202202011043,青ヶ島村,176,,
13402-0100-2.zip,202202011043,青ヶ島村,263,,
13402-0100-2.zip,202202011043,青ヶ島村,300,,
13402-0100-2.zip,202202011043,青ヶ島村,423,,
13402-0100-2.zip,202202011043,青ヶ島村,473,,
13402-0100-2.zip,202202011043,青ヶ島村,632-1,,
13402-0100-2.zip,202202011043,青ヶ島村,632-2,,
13402-0100-2.zip,202202011043,青ヶ島村,1300,,
13402-0100-2.zip,202202011043,青ヶ島村,1301,,
13402-0100-2.zip,202202011043,青ヶ島村,1302,,
13402-0100-2.zip,202202011043,青ヶ島村,1303,,
13402-0100-2.zip,202202011043,青ヶ島村,1304,,
13402-0100-2.zip,202202011043,青ヶ島村,1305,,
13402-0100-2.zip,202202011043,青ヶ島村,1306,,
13402-0100-2.zip,202202011043,青ヶ島村,1307,,
13402-0100-2.zip,202202011043,青ヶ島村,1308,,
13402-0100-2.zip,202202011043,青ヶ島村,1309,,
13402-0100-2.zip,202202011043,青ヶ島村,1310,,
13402-0100-2.zip,202202011043,青ヶ島村,1313,,
13402-0100-2.zip,202202011043,青ヶ島村,1314,,
13402-0100-2.zip,202202011043,青ヶ島村,1316,,
13402-0100-2.zip,202202011043,青ヶ島村,1317,,
13402-0100-2.zip,202202011043,青ヶ島村,1318,,
13402-0100-2.zip,202202011043,青ヶ島村,1319-1,,
13402-0100-2.zip,202202011043,青ヶ島村,1319-2,,
13402-0100-2.zip,202202011043,青ヶ島村,1320,,
13402-0100-2.zip,202202011043,青ヶ島村,1321,,
13402-0100-2.zip,202202011043,青ヶ島村,1322,,
13402-0100-2.zip,202202011043,青ヶ島村,1323,,
13402-0100-2.zip,202202011043,青ヶ島村,1324,,
13402-0100-2.zip,202202011043,青ヶ島村,1325,,
13402-0100-2.zip,202202011043,青ヶ島村,1326,,
13402-0100-2.zip,202202011043,青ヶ島村,1327,,
13402-0100-2.zip,202202011043,青ヶ島村,1328,,
13402-0100-2.zip,202202011043,青ヶ島村,1329,,
13402-0100-2.zip,202202011043,青ヶ島村,1330,,
13402-0100-2.zip,202202011043,青ヶ島村,1331,,
13402-0100-2.zip,202202011043,青ヶ島村,1332,,
13402-0100-2.zip,202202011043,青ヶ島村,1333,,
13402-0100-2.zip,202202011043,青ヶ島村,1334,,
13402-0100-2.zip,202202011043,青ヶ島村,1335,,
13402-0100-2.zip,202202011043,青ヶ島村,1336,,
13402-0100-2.zip,202202011043,青ヶ島村,1337,,
13402-0100-2.zip,202202011043,青ヶ島村,1338,,
13402-0100-2.zip,202202011043,青ヶ島村,1339,,
13402-0100-2.zip,202202011043,青ヶ島村,1340,,
13402-0100-2.zip,202202011043,青ヶ島村,1341,,
13402-0100-2.zip,202202011043,青ヶ島村,1342,,
13402-0100-2.zip,202202011043,青ヶ島村,1343,,
13402-0100-2.zip,202202011043,青ヶ島村,1344,,
13402-0100-2.zip,202202011043,青ヶ島村,1345,,
13402-0100-2.zip,202202011043,青ヶ島村,1346,,
13402-0100-2.zip,202202011043,青ヶ島村,1347,,
13402-0100-2.zip,202202011043,青ヶ島村,1348,,
13402-0100-2.zip,202202011043,青ヶ島村,1349,,
13402-0100-2.zip,202202011043,青ヶ島村,1350,,
13402-0100-2.zip,202202011043,青ヶ島村,1351,,
13402-0100-2.zip,202202011043,青ヶ島村,1352,,
13402-0100-2.zip,202202011043,青ヶ島村,1354,,
13402-0100-2.zip,202202011043,青ヶ島村,1356,,
13402-0100-2.zip,202202011043,青ヶ島村,1357,,
13402-0100-2.zip,202202011043,青ヶ島村,1358,,
13402-0100-2.zip,202202011043,青ヶ島村,1359,,
13402-0100-2.zip,202202011043,青ヶ島村,1360,,
13402-0100-2.zip,202202011043,青ヶ島村,1361,,
13402-0100-2.zip,202202011043,青ヶ島村,道-2,,
13402-0100-2.zip,202202011043,青ヶ島村,地区外-1475735,,
13402-0100-2.zip,202202011043,青ヶ島村,地区外-1475736,,
13402-0100-2.zip,202202011043,青ヶ島村,地区外-1475737,,
13402-0100-2.zip,202202011043,青ヶ島村,地区外-1475738,,
13402-0100-2.zip,202202011043,青ヶ島村,地区外-1475739,,
13402-0100-2.zip,202202011043,青ヶ島村,地区外-1475740,,
13402-0100-2.zip,202202011043,青ヶ島村,地区外-1475741,,
13402-0100-2.zip,202202011043,青ヶ島村,1315-2,,
13402-0100-2.zip,202202011043,青ヶ島村,1315-3,,
13402-0100-2.zip,202202011043,青ヶ島村,1315-1,,
13402-0100-2.zip,202202011043,青ヶ島村,1315-4,,
13402-0100-2.zip,202202011043,青ヶ島村,1355,,
13402-0100-2.zip,202202011043,青ヶ島村,1311-1,,
13402-0100-2.zip,202202011043,青ヶ島村,1311-2,,
13402-0100-2.zip,202202011043,青ヶ島村,1353,,
13402-0100-2.zip,202202011043,青ヶ島村,1312,,
13402-0100-3.zip,202202011043,青ヶ島村,311,,
13402-0100-3.zip,202202011043,青ヶ島村,408,,
13402-0100-3.zip,202202011043,青ヶ島村,636,,
13402-0100-3.zip,202202011043,青ヶ島村,1500-1,,
13402-0100-3.zip,202202011043,青ヶ島村,1502,,
13402-0100-3.zip,202202011043,青ヶ島村,1503,,
13402-0100-3.zip,202202011043,青ヶ島村,1504,,
13402-0100-3.zip,202202011043,青ヶ島村,1505,,
13402-0100-3.zip,202202011043,青ヶ島村,1506,,
13402-0100-3.zip,202202011043,青ヶ島村,1507,,
13402-0100-3.zip,202202011043,青ヶ島村,1508,,
13402-0100-3.zip,202202011043,青ヶ島村,1509,,
13402-0100-3.zip,202202011043,青ヶ島村,1510,,
13402-0100-3.zip,202202011043,青ヶ島村,1511,,
13402-0100-3.zip,202202011043,青ヶ島村,1512,,
13402-0100-3.zip,202202011043,青ヶ島村,1513,,
13402-0100-3.zip,202202011043,青ヶ島村,1514,,
13402-0100-3.zip,202202011043,青ヶ島村,1515,,
13402-0100-3.zip,202202011043,青ヶ島村,1516,,
13402-0100-3.zip,202202011043,青ヶ島村,1517,,
13402-0100-3.zip,202202011043,青ヶ島村,1518,,
13402-0100-3.zip,202202011043,青ヶ島村,1519,,
13402-0100-3.zip,202202011043,青ヶ島村,1520,,
13402-0100-3.zip,202202011043,青ヶ島村,1522,,
13402-0100-3.zip,202202011043,青ヶ島村,1523,,
13402-0100-3.zip,202202011043,青ヶ島村,1524,,
13402-0100-3.zip,202202011043,青ヶ島村,1525,,
13402-0100-3.zip,202202011043,青ヶ島村,1526,,
13402-0100-3.zip,202202011043,青ヶ島村,1527,,
13402-0100-3.zip,202202011043,青ヶ島村,1528,,
13402-0100-3.zip,202202011043,青ヶ島村,1529,,
13402-0100-3.zip,202202011043,青ヶ島村,1530,,
13402-0100-3.zip,202202011043,青ヶ島村,1531,,
13402-0100-3.zip,202202011043,青ヶ島村,1532,,
13402-0100-3.zip,202202011043,青ヶ島村,1533,,
13402-0100-3.zip,202202011043,青ヶ島村,1534,,
13402-0100-3.zip,202202011043,青ヶ島村,1535,,
13402-0100-3.zip,202202011043,青ヶ島村,1536,,
13402-0100-3.zip,202202011043,青ヶ島村,1537,,
13402-0100-3.zip,202202011043,青ヶ島村,1538,,
13402-0100-3.zip,202202011043,青ヶ島村,1539,,
13402-0100-3.zip,202202011043,青ヶ島村,1540,,
13402-0100-3.zip,202202011043,青ヶ島村,1541-1,,
13402-0100-3.zip,202202011043,青ヶ島村,1541-2,,
13402-0100-3.zip,202202011043,青ヶ島村,1542-1,,
13402-0100-3.zip,202202011043,青ヶ島村,1542-2,,
13402-0100-3.zip,202202011043,青ヶ島村,1542-3,,
13402-0100-3.zip,202202011043,青ヶ島村,1543,,
13402-0100-3.zip,202202011043,青ヶ島村,1544,,
13402-0100-3.zip,202202011043,青ヶ島村,1545,,
13402-0100-3.zip,202202011043,青ヶ島村,1546,,
13402-0100-3.zip,202202011043,青ヶ島村,1547,,
13402-0100-3.zip,202202011043,青ヶ島村,1548,,
13402-0100-3.zip,202202011043,青ヶ島村,1549,,
13402-0100-3.zip,202202011043,青ヶ島村,1550,,
13402-0100-3.zip,202202011043,青ヶ島村,1551,,
13402-0100-3.zip,202202011043,青ヶ島村,1552,,
13402-0100-3.zip,202202011043,青ヶ島村,1553,,
13402-0100-3.zip,202202011043,青ヶ島村,1554,,
13402-0100-3.zip,202202011043,青ヶ島村,1555,,
13402-0100-3.zip,202202011043,青ヶ島村,1556,,
13402-0100-3.zip,202202011043,青ヶ島村,1557,,
13402-0100-3.zip,202202011043,青ヶ島村,1558,,
13402-0100-3.zip,202202011043,青ヶ島村,1559,,
13402-0100-3.zip,202202011043,青ヶ島村,1560,,
13402-0100-3.zip,202202011043,青ヶ島村,1561,,
13402-0100-3.zip,202202011043,青ヶ島村,1562,,
13402-0100-3.zip,202202011043,青ヶ島村,1563,,
13402-0100-3.zip,202202011043,青ヶ島村,1564,,
13402-0100-3.zip,202202011043,青ヶ島村,1565,,
13402-0100-3.zip,202202011043,青ヶ島村,1566,,
13402-0100-3.zip,202202011043,青ヶ島村,1567,,
13402-0100-3.zip,202202011043,青ヶ島村,1568,,
13402-0100-3.zip,202202011043,青ヶ島村,1569,,
13402-0100-3.zip,202202011043,青ヶ島村,1570,,
13402-0100-3.zip,202202011043,青ヶ島村,1571,,
13402-0100-3.zip,202202011043,青ヶ島村,1573,,
13402-0100-3.zip,202202011043,青ヶ島村,1574,,
13402-0100-3.zip,202202011043,青ヶ島村,1575,,
13402-0100-3.zip,202202011043,青ヶ島村,1576,,
13402-0100-3.zip,202202011043,青ヶ島村,1577,,
13402-0100-3.zip,202202011043,青ヶ島村,1578,,
13402-0100-3.zip,202202011043,青ヶ島村,1579,,
13402-0100-3.zip,202202011043,青ヶ島村,1580,,
13402-0100-3.zip,202202011043,青ヶ島村,1582,,
13402-0100-3.zip,202202011043,青ヶ島村,1583,,
13402-0100-3.zip,202202011043,青ヶ島村,1584,,
13402-0100-3.zip,202202011043,青ヶ島村,1585,,
13402-0100-3.zip,202202011043,青ヶ島村,1586,,
13402-0100-3.zip,202202011043,青ヶ島村,1587,,
13402-0100-3.zip,202202011043,青ヶ島村,1588,,
13402-0100-3.zip,202202011043,青ヶ島村,1589,,
13402-0100-3.zip,202202011043,青ヶ島村,1590,,
13402-0100-3.zip,202202011043,青ヶ島村,1591,,
13402-0100-3.zip,202202011043,青ヶ島村,1592,,
13402-0100-3.zip,202202011043,青ヶ島村,1593,,
13402-0100-3.zip,202202011043,青ヶ島村,1594,,
13402-0100-3.zip,202202011043,青ヶ島村,無地番-3,,
13402-0100-3.zip,202202011043,青ヶ島村,無地番-20,,
13402-0100-3.zip,202202011043,青ヶ島村,地区外-1477085,,
13402-0100-3.zip,202202011043,青ヶ島村,地区外-1477086,,
13402-0100-3.zip,202202011043,青ヶ島村,地区外-1477087,,
13402-0100-3.zip,202202011043,青ヶ島村,地区外-1477088,,
13402-0100-3.zip,202202011043,青ヶ島村,地区外-1477089,,
13402-0100-3.zip,202202011043,青ヶ島村,地区外-1477090,,
13402-0100-3.zip,202202011043,青ヶ島村,地区外-1477091,,
13402-0100-3.zip,202202011043,青ヶ島村,地区外-1477084,,
13402-0100-3.zip,202202011043,青ヶ島村,1500-2,,
13402-0100-3.zip,202202011043,青ヶ島村,1581,,
13402-0100-3.zip,202202011043,青ヶ島村,1501,,
13402-0100-4.zip,202202011043,青ヶ島村,42,,
13402-0100-4.zip,202202011043,青ヶ島村,65,,
13402-0100-4.zip,202202011043,青ヶ島村,70,,
13402-0100-4.zip,202202011043,青ヶ島村,77,,
13402-0100-4.zip,202202011043,青ヶ島村,78,,
13402-0100-4.zip,202202011043,青ヶ島村,99,,
13402-0100-4.zip,202202011043,青ヶ島村,115,,
13402-0100-4.zip,202202011043,青ヶ島村,119,,
13402-0100-4.zip,202202011043,青ヶ島村,125,,
13402-0100-4.zip,202202011043,青ヶ島村,151,,
13402-0100-4.zip,202202011043,青ヶ島村,264,,
13402-0100-4.zip,202202011043,青ヶ島村,296,,
13402-0100-4.zip,202202011043,青ヶ島村,380,,
13402-0100-4.zip,202202011043,青ヶ島村,409,,
13402-0100-4.zip,202202011043,青ヶ島村,422-1,,
13402-0100-4.zip,202202011043,青ヶ島村,422-2,,
13402-0100-4.zip,202202011043,青ヶ島村,451,,
13402-0100-4.zip,202202011043,青ヶ島村,518,,
13402-0100-4.zip,202202011043,青ヶ島村,519,,
13402-0100-4.zip,202202011043,青ヶ島村,583,,
13402-0100-4.zip,202202011043,青ヶ島村,630-1,,
13402-0100-4.zip,202202011043,青ヶ島村,1800,,
13402-0100-4.zip,202202011043,青ヶ島村,1801,,
13402-0100-4.zip,202202011043,青ヶ島村,1802,,
13402-0100-4.zip,202202011043,青ヶ島村,1803,,
13402-0100-4.zip,202202011043,青ヶ島村,1806,,
13402-0100-4.zip,202202011043,青ヶ島村,1807,,
13402-0100-4.zip,202202011043,青ヶ島村,1808,,
13402-0100-4.zip,202202011043,青ヶ島村,1809,,
13402-0100-4.zip,202202011043,青ヶ島村,1810,,
13402-0100-4.zip,202202011043,青ヶ島村,1811,,
13402-0100-4.zip,202202011043,青ヶ島村,1812,,
13402-0100-4.zip,202202011043,青ヶ島村,1813,,
13402-0100-4.zip,202202011043,青ヶ島村,1814,,
13402-0100-4.zip,202202011043,青ヶ島村,1815,,
13402-0100-4.zip,202202011043,青ヶ島村,1816,,
13402-0100-4.zip,202202011043,青ヶ島村,1817,,
13402-0100-4.zip,202202011043,青ヶ島村,1818,,
13402-0100-4.zip,202202011043,青ヶ島村,1819,,
13402-0100-4.zip,202202011043,青ヶ島村,1820,,
13402-0100-4.zip,202202011043,青ヶ島村,1821,,
13402-0100-4.zip,202202011043,青ヶ島村,1822,,
13402-0100-4.zip,202202011043,青ヶ島村,1824,,
13402-0100-4.zip,202202011043,青ヶ島村,1825,,
13402-0100-4.zip,202202011043,青ヶ島村,1826,,
13402-0100-4.zip,202202011043,青ヶ島村,1827,,
13402-0100-4.zip,202202011043,青ヶ島村,1828,,
13402-0100-4.zip,202202011043,青ヶ島村,1829,,
13402-0100-4.zip,202202011043,青ヶ島村,1830-1,,
13402-0100-4.zip,202202011043,青ヶ島村,1830-2,,
13402-0100-4.zip,202202011043,青ヶ島村,1831,,
13402-0100-4.zip,202202011043,青ヶ島村,1832,,
13402-0100-4.zip,202202011043,青ヶ島村,1833,,
13402-0100-4.zip,202202011043,青ヶ島村,1834,,
13402-0100-4.zip,202202011043,青ヶ島村,1835,,
13402-0100-4.zip,202202011043,青ヶ島村,1836,,
13402-0100-4.zip,202202011043,青ヶ島村,1837,,
13402-0100-4.zip,202202011043,青ヶ島村,1838,,
13402-0100-4.zip,202202011043,青ヶ島村,1839,,
13402-0100-4.zip,202202011043,青ヶ島村,1840,,
13402-0100-4.zip,202202011043,青ヶ島村,1841,,
13402-0100-4.zip,202202011043,青ヶ島村,1842,,
13402-0100-4.zip,202202011043,青ヶ島村,1843,,
13402-0100-4.zip,202202011043,青ヶ島村,1844,,
13402-0100-4.zip,202202011043,青ヶ島村,1845,,
13402-0100-4.zip,202202011043,青ヶ島村,1846,,
13402-0100-4.zip,202202011043,青ヶ島村,1847,,
13402-0100-4.zip,202202011043,青ヶ島村,1848,,
13402-0100-4.zip,202202011043,青ヶ島村,1849,,
13402-0100-4.zip,202202011043,青ヶ島村,1850-1,,
13402-0100-4.zip,202202011043,青ヶ島村,1850-2,,
13402-0100-4.zip,202202011043,青ヶ島村,1851,,
13402-0100-4.zip,202202011043,青ヶ島村,1852,,
13402-0100-4.zip,202202011043,青ヶ島村,1853,,
13402-0100-4.zip,202202011043,青ヶ島村,1854,,
13402-0100-4.zip,202202011043,青ヶ島村,1855,,
13402-0100-4.zip,202202011043,青ヶ島村,1856,,
13402-0100-4.zip,202202011043,青ヶ島村,1857,,
13402-0100-4.zip,202202011043,青ヶ島村,1858,,
13402-0100-4.zip,202202011043,青ヶ島村,1859,,
13402-0100-4.zip,202202011043,青ヶ島村,1860,,
13402-0100-4.zip,202202011043,青ヶ島村,1861,,
13402-0100-4.zip,202202011043,青ヶ島村,1863,,
13402-0100-4.zip,202202011043,青ヶ島村,1864,,
13402-0100-4.zip,202202011043,青ヶ島村,1865,,
13402-0100-4.zip,202202011043,青ヶ島村,1866,,
13402-0100-4.zip,202202011043,青ヶ島村,1867,,
13402-0100-4.zip,202202011043,青ヶ島村,1868,,
13402-0100-4.zip,202202011043,青ヶ島村,1869,,
13402-0100-4.zip,202202011043,青ヶ島村,1870,,
13402-0100-4.zip,202202011043,青ヶ島村,道-1,,
13402-0100-4.zip,202202011043,青ヶ島村,地区外-1478606,,
13402-0100-4.zip,202202011043,青ヶ島村,地区外-1478608,,
13402-0100-4.zip,202202011043,青ヶ島村,地区外-1478609,,
13402-0100-4.zip,202202011043,青ヶ島村,地区外-1478610,,
13402-0100-4.zip,202202011043,青ヶ島村,地区外-1478611,,
13402-0100-4.zip,202202011043,青ヶ島村,地区外-1478612,,
13402-0100-4.zip,202202011043,青ヶ島村,地区外-1478613,,
13402-0100-4.zip,202202011043,青ヶ島村,地区外-1478614,,
13402-0100-4.zip,202202011043,青ヶ島村,地区外-1478615,,
13402-0100-4.zip,202202011043,青ヶ島村,地区外-1478616,,
13402-0100-4.zip,202202011043,青ヶ島村,地区外-1478617,,
13402-0100-4.zip,202202011043,青ヶ島村,地区外-1478618,,
13402-0100-4.zip,202202011043,青ヶ島村,地区外-1478619,,
13402-0100-4.zip,202202011043,青ヶ島村,地区外-1478620,,
13402-0100-4.zip,202202011043,青ヶ島村,1804-2,,
13402-0100-4.zip,202202011043,青ヶ島村,1804-1,,
13402-0100-4.zip,202202011043,青ヶ島村,1805-1,,
13402-0100-4.zip,202202011043,青ヶ島村,1805-2,,
13402-0100-4.zip,202202011043,青ヶ島村,地区外-1478607,,
13402-0100-4.zip,202202011043,青ヶ島村,1862,,
13402-0100-4.zip,202202011043,青ヶ島村,1823-2,,
13402-0100-4.zip,202202011043,青ヶ島村,道-3,,
13402-0100-4.zip,202202011043,青ヶ島村,630-2,,
13402-0100-4.zip,202202011043,青ヶ島村,1823-1,,
13402-0100-5.zip,202202011043,青ヶ島村,354,,
13402-0100-5.zip,202202011043,青ヶ島村,496,,
13402-0100-5.zip,202202011043,青ヶ島村,501,,
13402-0100-5.zip,202202011043,青ヶ島村,635,,
13402-0100-5.zip,202202011043,青ヶ島村,637,,
13402-0100-5.zip,202202011043,青ヶ島村,1090,,
13402-0100-5.zip,202202011043,青ヶ島村,1091,,
13402-0100-5.zip,202202011043,青ヶ島村,1092,,
13402-0100-5.zip,202202011043,青ヶ島村,1093,,
13402-0100-5.zip,202202011043,青ヶ島村,1094,,
13402-0100-5.zip,202202011043,青ヶ島村,1095,,
13402-0100-5.zip,202202011043,青ヶ島村,1096,,
13402-0100-5.zip,202202011043,青ヶ島村,1097,,
13402-0100-5.zip,202202011043,青ヶ島村,1098,,
13402-0100-5.zip,202202011043,青ヶ島村,1099,,
13402-0100-5.zip,202202011043,青ヶ島村,1100,,
13402-0100-5.zip,202202011043,青ヶ島村,1101,,
13402-0100-5.zip,202202011043,青ヶ島村,1102,,
13402-0100-5.zip,202202011043,青ヶ島村,1103,,
13402-0100-5.zip,202202011043,青ヶ島村,1104,,
13402-0100-5.zip,202202011043,青ヶ島村,1105,,
13402-0100-5.zip,202202011043,青ヶ島村,1106,,
13402-0100-5.zip,202202011043,青ヶ島村,1107,,
13402-0100-5.zip,202202011043,青ヶ島村,1108,,
13402-0100-5.zip,202202011043,青ヶ島村,1109,,
13402-0100-5.zip,202202011043,青ヶ島村,1110,,
13402-0100-5.zip,202202011043,青ヶ島村,1111,,
13402-0100-5.zip,202202011043,青ヶ島村,1112,,
13402-0100-5.zip,202202011043,青ヶ島村,1115,,
13402-0100-5.zip,202202011043,青ヶ島村,1117-1,,
13402-0100-5.zip,202202011043,青ヶ島村,1119,,
13402-0100-5.zip,202202011043,青ヶ島村,1121,,
13402-0100-5.zip,202202011043,青ヶ島村,1123,,
13402-0100-5.zip,202202011043,青ヶ島村,1124,,
13402-0100-5.zip,202202011043,青ヶ島村,1126,,
13402-0100-5.zip,202202011043,青ヶ島村,1128,,
13402-0100-5.zip,202202011043,青ヶ島村,1130,,
13402-0100-5.zip,202202011043,青ヶ島村,1131,,
13402-0100-5.zip,202202011043,青ヶ島村,1132-1,,
13402-0100-5.zip,202202011043,青ヶ島村,1132-2,,
13402-0100-5.zip,202202011043,青ヶ島村,1133,,
13402-0100-5.zip,202202011043,青ヶ島村,1134,,
13402-0100-5.zip,202202011043,青ヶ島村,1135,,
13402-0100-5.zip,202202011043,青ヶ島村,1136,,
13402-0100-5.zip,202202011043,青ヶ島村,1137,,
13402-0100-5.zip,202202011043,青ヶ島村,1138-1,,
13402-0100-5.zip,202202011043,青ヶ島村,1138-2,,
13402-0100-5.zip,202202011043,青ヶ島村,1139,,
13402-0100-5.zip,202202011043,青ヶ島村,1140-1,,
13402-0100-5.zip,202202011043,青ヶ島村,1140-2,,
13402-0100-5.zip,202202011043,青ヶ島村,1144-1,,
13402-0100-5.zip,202202011043,青ヶ島村,1144-2,,
13402-0100-5.zip,202202011043,青ヶ島村,1144-3,,
13402-0100-5.zip,202202011043,青ヶ島村,1144-4,,
13402-0100-5.zip,202202011043,青ヶ島村,1145,,
13402-0100-5.zip,202202011043,青ヶ島村,1146-1,,
13402-0100-5.zip,202202011043,青ヶ島村,1146-2,,
13402-0100-5.zip,202202011043,青ヶ島村,1147,,
13402-0100-5.zip,202202011043,青ヶ島村,1148-1,,
13402-0100-5.zip,202202011043,青ヶ島村,1148-2,,
13402-0100-5.zip,202202011043,青ヶ島村,1148-3,,
13402-0100-5.zip,202202011043,青ヶ島村,1148-4,,
13402-0100-5.zip,202202011043,青ヶ島村,1148-5,,
13402-0100-5.zip,202202011043,青ヶ島村,1149,,
13402-0100-5.zip,202202011043,青ヶ島村,1150-1,,
13402-0100-5.zip,202202011043,青ヶ島村,1150-2,,
13402-0100-5.zip,202202011043,青ヶ島村,1151,,
13402-0100-5.zip,202202011043,青ヶ島村,1152,,
13402-0100-5.zip,202202011043,青ヶ島村,1153,,
13402-0100-5.zip,202202011043,青ヶ島村,1157-1,,
13402-0100-5.zip,202202011043,青ヶ島村,1157-2,,
13402-0100-5.zip,202202011043,青ヶ島村,1159,,
13402-0100-5.zip,202202011043,青ヶ島村,1160,,
13402-0100-5.zip,202202011043,青ヶ島村,1161,,
13402-0100-5.zip,202202011043,青ヶ島村,1162,,
13402-0100-5.zip,202202011043,青ヶ島村,1163,,
13402-0100-5.zip,202202011043,青ヶ島村,1164,,
13402-0100-5.zip,202202011043,青ヶ島村,1166,,
13402-0100-5.zip,202202011043,青ヶ島村,1167,,
13402-0100-5.zip,202202011043,青ヶ島村,1168,,
13402-0100-5.zip,202202011043,青ヶ島村,1169,,
13402-0100-5.zip,202202011043,青ヶ島村,1170,,
13402-0100-5.zip,202202011043,青ヶ島村,1171,,
13402-0100-5.zip,202202011043,青ヶ島村,1172,,
13402-0100-5.zip,202202011043,青ヶ島村,1173,,
13402-0100-5.zip,202202011043,青ヶ島村,1174,,
13402-0100-5.zip,202202011043,青ヶ島村,1175,,
13402-0100-5.zip,202202011043,青ヶ島村,1176,,
13402-0100-5.zip,202202011043,青ヶ島村,1177,,
13402-0100-5.zip,202202011043,青ヶ島村,1178,,
13402-0100-5.zip,202202011043,青ヶ島村,1179,,
13402-0100-5.zip,202202011043,青ヶ島村,1180,,
13402-0100-5.zip,202202011043,青ヶ島村,1181,,
13402-0100-5.zip,202202011043,青ヶ島村,1182,,
13402-0100-5.zip,202202011043,青ヶ島村,1183,,
13402-0100-5.zip,202202011043,青ヶ島村,1184-1,,
13402-0100-5.zip,202202011043,青ヶ島村,1184-2,,
13402-0100-5.zip,202202011043,青ヶ島村,1185,,
13402-0100-5.zip,202202011043,青ヶ島村,1186,,
13402-0100-5.zip,202202011043,青ヶ島村,1187-1,,
13402-0100-5.zip,202202011043,青ヶ島村,1187-2,,
13402-0100-5.zip,202202011043,青ヶ島村,1188,,
13402-0100-5.zip,202202011043,青ヶ島村,1189,,
13402-0100-5.zip,202202011043,青ヶ島村,1190,,
13402-0100-5.zip,202202011043,青ヶ島村,1191,,
13402-0100-5.zip,202202011043,青ヶ島村,1192,,
13402-0100-5.zip,202202011043,青ヶ島村,1193,,
13402-0100-5.zip,202202011043,青ヶ島村,1197,,
13402-0100-5.zip,202202011043,青ヶ島村,1198,,
13402-0100-5.zip,202202011043,青ヶ島村,1200,,
13402-0100-5.zip,202202011043,青ヶ島村,1201,,
13402-0100-5.zip,202202011043,青ヶ島村,1202,,
13402-0100-5.zip,202202011043,青ヶ島村,1206,,
13402-0100-5.zip,202202011043,青ヶ島村,1207,,
13402-0100-5.zip,202202011043,青ヶ島村,1211,,
13402-0100-5.zip,202202011043,青ヶ島村,1212,,
13402-0100-5.zip,202202011043,青ヶ島村,1213,,
13402-0100-5.zip,202202011043,青ヶ島村,1214,,
13402-0100-5.zip,202202011043,青ヶ島村,1215,,
13402-0100-5.zip,202202011043,青ヶ島村,1216,,
13402-0100-5.zip,202202011043,青ヶ島村,1217,,
13402-0100-5.zip,202202011043,青ヶ島村,1218,,
13402-0100-5.zip,202202011043,青ヶ島村,無地番-17,,
13402-0100-5.zip,202202011043,青ヶ島村,地区外-1480016,,
13402-0100-5.zip,202202011043,青ヶ島村,地区外-1480017,,
13402-0100-5.zip,202202011043,青ヶ島村,地区外-1480018,,
13402-0100-5.zip,202202011043,青ヶ島村,地区外-1480019,,
13402-0100-5.zip,202202011043,青ヶ島村,地区外-1480020,,
13402-0100-5.zip,202202011043,青ヶ島村,地区外-1480021,,
13402-0100-5.zip,202202011043,青ヶ島村,地区外-1480023,,
13402-0100-5.zip,202202011043,青ヶ島村,地区外-1480024,,
13402-0100-5.zip,202202011043,青ヶ島村,地区外-1480025,,
13402-0100-5.zip,202202011043,青ヶ島村,地区外-1480026,,
13402-0100-5.zip,202202011043,青ヶ島村,地区外-1480027,,
13402-0100-5.zip,202202011043,青ヶ島村,地区外-1480028,,
13402-0100-5.zip,202202011043,青ヶ島村,地区外-1480029,,
13402-0100-5.zip,202202011043,青ヶ島村,地区外-1480030,,
13402-0100-5.zip,202202011043,青ヶ島村,1114-4,,
13402-0100-5.zip,202202011043,青ヶ島村,1114-3,,
13402-0100-5.zip,202202011043,青ヶ島村,1114-1,,
13402-0100-5.zip,202202011043,青ヶ島村,1114-2,,
13402-0100-5.zip,202202011043,青ヶ島村,1141-2,,
13402-0100-5.zip,202202011043,青ヶ島村,1141-1,,
13402-0100-5.zip,202202011043,青ヶ島村,1116-2,,
13402-0100-5.zip,202202011043,青ヶ島村,1117-2,,
13402-0100-5.zip,202202011043,青ヶ島村,1130-2,,
13402-0100-5.zip,202202011043,青ヶ島村,1127-1,,
13402-0100-5.zip,202202011043,青ヶ島村,1127-2,,
13402-0100-5.zip,202202011043,青ヶ島村,1156-1,,
13402-0100-5.zip,202202011043,青ヶ島村,1156-2,,
13402-0100-5.zip,202202011043,青ヶ島村,1142-2,,
13402-0100-5.zip,202202011043,青ヶ島村,1142-1,,
13402-0100-5.zip,202202011043,青ヶ島村,1195,,
13402-0100-5.zip,202202011043,青ヶ島村,1113-2,,
13402-0100-5.zip,202202011043,青ヶ島村,1113-1,,
13402-0100-5.zip,202202011043,青ヶ島村,1199,,
13402-0100-5.zip,202202011043,青ヶ島村,1116-1,,
13402-0100-5.zip,202202011043,青ヶ島村,1158-1,,
13402-0100-5.zip,202202011043,青ヶ島村,1158-2,,
13402-0100-5.zip,202202011043,青ヶ島村,1208,,
13402-0100-5.zip,202202011043,青ヶ島村,1129-2,,
13402-0100-5.zip,202202011043,青ヶ島村,1129-1,,
13402-0100-5.zip,202202011043,青ヶ島村,地区外-1480022,,
13402-0100-5.zip,202202011043,青ヶ島村,1155-4,,
13402-0100-5.zip,202202011043,青ヶ島村,1155-3,,
13402-0100-5.zip,202202011043,青ヶ島村,1155-2,,
13402-0100-5.zip,202202011043,青ヶ島村,1154-1,,
13402-0100-5.zip,202202011043,青ヶ島村,1154-2,,
13402-0100-5.zip,202202011043,青ヶ島村,1155-1,,
13402-0100-5.zip,202202011043,青ヶ島村,1155-5,,
13402-0100-5.zip,202202011043,青ヶ島村,1210,,
13402-0100-5.zip,202202011043,青ヶ島村,1165,,
13402-0100-5.zip,202202011043,青ヶ島村,1196,,
13402-0100-5.zip,202202011043,青ヶ島村,1205,,
13402-0100-5.zip,202202011043,青ヶ島村,1120-2,,
13402-0100-5.zip,202202011043,青ヶ島村,1120-1,,
13402-0100-5.zip,202202011043,青ヶ島村,1122-2,,
13402-0100-5.zip,202202011043,青ヶ島村,1122-1,,
13402-0100-5.zip,202202011043,青ヶ島村,1125-1,,
13402-0100-5.zip,202202011043,青ヶ島村,1125-2,,
13402-0100-6.zip,202202011043,青ヶ島村,34,,
13402-0100-6.zip,202202011043,青ヶ島村,116,,
13402-0100-6.zip,202202011043,青ヶ島村,147,,
13402-0100-6.zip,202202011043,青ヶ島村,279,,
13402-0100-6.zip,202202011043,青ヶ島村,351,,
13402-0100-6.zip,202202011043,青ヶ島村,407-1,,
13402-0100-6.zip,202202011043,青ヶ島村,407-2,,
13402-0100-6.zip,202202011043,青ヶ島村,513-1,,
13402-0100-6.zip,202202011043,青ヶ島村,513-2,,
13402-0100-6.zip,202202011043,青ヶ島村,1010,,
13402-0100-6.zip,202202011043,青ヶ島村,1011,,
13402-0100-6.zip,202202011043,青ヶ島村,1012,,
13402-0100-6.zip,202202011043,青ヶ島村,1013,,
13402-0100-6.zip,202202011043,青ヶ島村,1014,,
13402-0100-6.zip,202202011043,青ヶ島村,1015,,
13402-0100-6.zip,202202011043,青ヶ島村,1016,,
13402-0100-6.zip,202202011043,青ヶ島村,1017,,
13402-0100-6.zip,202202011043,青ヶ島村,1018,,
13402-0100-6.zip,202202011043,青ヶ島村,1019,,
13402-0100-6.zip,202202011043,青ヶ島村,1020,,
13402-0100-6.zip,202202011043,青ヶ島村,1021,,
13402-0100-6.zip,202202011043,青ヶ島村,1022,,
13402-0100-6.zip,202202011043,青ヶ島村,1023,,
13402-0100-6.zip,202202011043,青ヶ島村,1024,,
13402-0100-6.zip,202202011043,青ヶ島村,1025,,
13402-0100-6.zip,202202011043,青ヶ島村,1026,,
13402-0100-6.zip,202202011043,青ヶ島村,1027,,
13402-0100-6.zip,202202011043,青ヶ島村,1028,,
13402-0100-6.zip,202202011043,青ヶ島村,1029-1,,
13402-0100-6.zip,202202011043,青ヶ島村,1029-2,,
13402-0100-6.zip,202202011043,青ヶ島村,1030,,
13402-0100-6.zip,202202011043,青ヶ島村,1031,,
13402-0100-6.zip,202202011043,青ヶ島村,1032,,
13402-0100-6.zip,202202011043,青ヶ島村,1033,,
13402-0100-6.zip,202202011043,青ヶ島村,1034,,
13402-0100-6.zip,202202011043,青ヶ島村,1035,,
13402-0100-6.zip,202202011043,青ヶ島村,1036,,
13402-0100-6.zip,202202011043,青ヶ島村,1037,,
13402-0100-6.zip,202202011043,青ヶ島村,1038,,
13402-0100-6.zip,202202011043,青ヶ島村,1039,,
13402-0100-6.zip,202202011043,青ヶ島村,1040,,
13402-0100-6.zip,202202011043,青ヶ島村,1041,,
13402-0100-6.zip,202202011043,青ヶ島村,1044,,
13402-0100-6.zip,202202011043,青ヶ島村,1045,,
13402-0100-6.zip,202202011043,青ヶ島村,1046,,
13402-0100-6.zip,202202011043,青ヶ島村,1047,,
13402-0100-6.zip,202202011043,青ヶ島村,1048,,
13402-0100-6.zip,202202011043,青ヶ島村,1049,,
13402-0100-6.zip,202202011043,青ヶ島村,1050,,
13402-0100-6.zip,202202011043,青ヶ島村,1051,,
13402-0100-6.zip,202202011043,青ヶ島村,1052,,
13402-0100-6.zip,202202011043,青ヶ島村,1053,,
13402-0100-6.zip,202202011043,青ヶ島村,1054,,
13402-0100-6.zip,202202011043,青ヶ島村,1055,,
13402-0100-6.zip,202202011043,青ヶ島村,1056,,
13402-0100-6.zip,202202011043,青ヶ島村,1057,,
13402-0100-6.zip,202202011043,青ヶ島村,1058,,
13402-0100-6.zip,202202011043,青ヶ島村,1059,,
13402-0100-6.zip,202202011043,青ヶ島村,1060,,
13402-0100-6.zip,202202011043,青ヶ島村,1061,,
13402-0100-6.zip,202202011043,青ヶ島村,1062,,
13402-0100-6.zip,202202011043,青ヶ島村,1063,,
13402-0100-6.zip,202202011043,青ヶ島村,1064,,
13402-0100-6.zip,202202011043,青ヶ島村,1065,,
13402-0100-6.zip,202202011043,青ヶ島村,1066,,
13402-0100-6.zip,202202011043,青ヶ島村,1067,,
13402-0100-6.zip,202202011043,青ヶ島村,1068,,
13402-0100-6.zip,202202011043,青ヶ島村,1069,,
13402-0100-6.zip,202202011043,青ヶ島村,1070,,
13402-0100-6.zip,202202011043,青ヶ島村,1071,,
13402-0100-6.zip,202202011043,青ヶ島村,1072,,
13402-0100-6.zip,202202011043,青ヶ島村,1073,,
13402-0100-6.zip,202202011043,青ヶ島村,1074,,
13402-0100-6.zip,202202011043,青ヶ島村,1075,,
13402-0100-6.zip,202202011043,青ヶ島村,1076,,
13402-0100-6.zip,202202011043,青ヶ島村,1077,,
13402-0100-6.zip,202202011043,青ヶ島村,1078,,
13402-0100-6.zip,202202011043,青ヶ島村,1079,,
13402-0100-6.zip,202202011043,青ヶ島村,1080,,
13402-0100-6.zip,202202011043,青ヶ島村,1081,,
13402-0100-6.zip,202202011043,青ヶ島村,1082,,
13402-0100-6.zip,202202011043,青ヶ島村,1083,,
13402-0100-6.zip,202202011043,青ヶ島村,1084,,
13402-0100-6.zip,202202011043,青ヶ島村,1085,,
13402-0100-6.zip,202202011043,青ヶ島村,1086,,
13402-0100-6.zip,202202011043,青ヶ島村,1087,,
13402-0100-6.zip,202202011043,青ヶ島村,1088,,
13402-0100-6.zip,202202011043,青ヶ島村,1089,,
13402-0100-6.zip,202202011043,青ヶ島村,無地番-19,,
13402-0100-6.zip,202202011043,青ヶ島村,無地番-21,,
13402-0100-6.zip,202202011043,青ヶ島村,地区外-1481540,,
13402-0100-6.zip,202202011043,青ヶ島村,地区外-1481541,,
13402-0100-6.zip,202202011043,青ヶ島村,地区外-1481542,,
13402-0100-6.zip,202202011043,青ヶ島村,地区外-1481543,,
13402-0100-6.zip,202202011043,青ヶ島村,地区外-1481544,,
13402-0100-6.zip,202202011043,青ヶ島村,地区外-1481545,,
13402-0100-6.zip,202202011043,青ヶ島村,地区外-1481546,,
13402-0100-6.zip,202202011043,青ヶ島村,地区外-1481547,,
13402-0100-6.zip,202202011043,青ヶ島村,地区外-1481548,,
13402-0100-6.zip,202202011043,青ヶ島村,地区外-1481549,,
13402-0100-6.zip,202202011043,青ヶ島村,地区外-1481550,,
13402-0100-6.zip,202202011043,青ヶ島村,地区外-1481551,,
13402-0100-6.zip,202202011043,青ヶ島村,地区外-1481552,,
13402-0100-7.zip,202202011043,青ヶ島村,128,,
13402-0100-7.zip,202202011043,青ヶ島村,130,,
13402-0100-7.zip,202202011043,青ヶ島村,133,,
13402-0100-7.zip,202202011043,青ヶ島村,144-1,,
13402-0100-7.zip,202202011043,青ヶ島村,2001,,
13402-0100-7.zip,202202011043,青ヶ島村,2002,,
13402-0100-7.zip,202202011043,青ヶ島村,2003,,
13402-0100-7.zip,202202011043,青ヶ島村,2004,,
13402-0100-7.zip,202202011043,青ヶ島村,2005,,
13402-0100-7.zip,202202011043,青ヶ島村,2006,,
13402-0100-7.zip,202202011043,青ヶ島村,2007,,
13402-0100-7.zip,202202011043,青ヶ島村,2008,,
13402-0100-7.zip,202202011043,青ヶ島村,2010,,
13402-0100-7.zip,202202011043,青ヶ島村,2011,,
13402-0100-7.zip,202202011043,青ヶ島村,2016,,
13402-0100-7.zip,202202011043,青ヶ島村,2017,,
13402-0100-7.zip,202202011043,青ヶ島村,2019,,
13402-0100-7.zip,202202011043,青ヶ島村,2020,,
13402-0100-7.zip,202202011043,青ヶ島村,2021,,
13402-0100-7.zip,202202011043,青ヶ島村,2022,,
13402-0100-7.zip,202202011043,青ヶ島村,2024,,
13402-0100-7.zip,202202011043,青ヶ島村,2025,,
13402-0100-7.zip,202202011043,青ヶ島村,2026,,
13402-0100-7.zip,202202011043,青ヶ島村,2027,,
13402-0100-7.zip,202202011043,青ヶ島村,2028,,
13402-0100-7.zip,202202011043,青ヶ島村,2029,,
13402-0100-7.zip,202202011043,青ヶ島村,2030,,
13402-0100-7.zip,202202011043,青ヶ島村,2031,,
13402-0100-7.zip,202202011043,青ヶ島村,2032,,
13402-0100-7.zip,202202011043,青ヶ島村,2033,,
13402-0100-7.zip,202202011043,青ヶ島村,2034,,
13402-0100-7.zip,202202011043,青ヶ島村,2036,,
13402-0100-7.zip,202202011043,青ヶ島村,2037,,
13402-0100-7.zip,202202011043,青ヶ島村,2038,,
13402-0100-7.zip,202202011043,青ヶ島村,2039,,
13402-0100-7.zip,202202011043,青ヶ島村,2040,,
13402-0100-7.zip,202202011043,青ヶ島村,2041,,
13402-0100-7.zip,202202011043,青ヶ島村,2042,,
13402-0100-7.zip,202202011043,青ヶ島村,2044,,
13402-0100-7.zip,202202011043,青ヶ島村,2045,,
13402-0100-7.zip,202202011043,青ヶ島村,2046,,
13402-0100-7.zip,202202011043,青ヶ島村,2048,,
13402-0100-7.zip,202202011043,青ヶ島村,2049,,
13402-0100-7.zip,202202011043,青ヶ島村,2050,,
13402-0100-7.zip,202202011043,青ヶ島村,2051,,
13402-0100-7.zip,202202011043,青ヶ島村,2052,,
13402-0100-7.zip,202202011043,青ヶ島村,2053,,
13402-0100-7.zip,202202011043,青ヶ島村,2054,,
13402-0100-7.zip,202202011043,青ヶ島村,2055,,
13402-0100-7.zip,202202011043,青ヶ島村,2056-1,,
13402-0100-7.zip,202202011043,青ヶ島村,2056-2,,
13402-0100-7.zip,202202011043,青ヶ島村,2057,,
13402-0100-7.zip,202202011043,青ヶ島村,2058,,
13402-0100-7.zip,202202011043,青ヶ島村,2060,,
13402-0100-7.zip,202202011043,青ヶ島村,2061,,
13402-0100-7.zip,202202011043,青ヶ島村,2062,,
13402-0100-7.zip,202202011043,青ヶ島村,2063,,
13402-0100-7.zip,202202011043,青ヶ島村,2064,,
13402-0100-7.zip,202202011043,青ヶ島村,2065,,
13402-0100-7.zip,202202011043,青ヶ島村,2066,,
13402-0100-7.zip,202202011043,青ヶ島村,2067,,
13402-0100-7.zip,202202011043,青ヶ島村,2068,,
13402-0100-7.zip,202202011043,青ヶ島村,2069-1,,
13402-0100-7.zip,202202011043,青ヶ島村,2070-1,,
13402-0100-7.zip,202202011043,青ヶ島村,2070-2,,
13402-0100-7.zip,202202011043,青ヶ島村,2070-3,,
13402-0100-7.zip,202202011043,青ヶ島村,2071,,
13402-0100-7.zip,202202011043,青ヶ島村,2072,,
13402-0100-7.zip,202202011043,青ヶ島村,2073,,
13402-0100-7.zip,202202011043,青ヶ島村,2075,,
13402-0100-7.zip,202202011043,青ヶ島村,2076,,
13402-0100-7.zip,202202011043,青ヶ島村,2077,,
13402-0100-7.zip,202202011043,青ヶ島村,2078,,
13402-0100-7.zip,202202011043,青ヶ島村,2079,,
13402-0100-7.zip,202202011043,青ヶ島村,2080-1,,
13402-0100-7.zip,202202011043,青ヶ島村,2080-2,,
13402-0100-7.zip,202202011043,青ヶ島村,2081,,
13402-0100-7.zip,202202011043,青ヶ島村,2082,,
13402-0100-7.zip,202202011043,青ヶ島村,2083,,
13402-0100-7.zip,202202011043,青ヶ島村,2084,,
13402-0100-7.zip,202202011043,青ヶ島村,2085,,
13402-0100-7.zip,202202011043,青ヶ島村,2086,,
13402-0100-7.zip,202202011043,青ヶ島村,2087,,
13402-0100-7.zip,202202011043,青ヶ島村,2088,,
13402-0100-7.zip,202202011043,青ヶ島村,2089,,
13402-0100-7.zip,202202011043,青ヶ島村,2091,,
13402-0100-7.zip,202202011043,青ヶ島村,2093,,
13402-0100-7.zip,202202011043,青ヶ島村,2094,,
13402-0100-7.zip,202202011043,青ヶ島村,2095,,
13402-0100-7.zip,202202011043,青ヶ島村,2096,,
13402-0100-7.zip,202202011043,青ヶ島村,2097,,
13402-0100-7.zip,202202011043,青ヶ島村,2201,,
13402-0100-7.zip,202202011043,青ヶ島村,2202,,
13402-0100-7.zip,202202011043,青ヶ島村,2203,,
13402-0100-7.zip,202202011043,青ヶ島村,2204-1,,
13402-0100-7.zip,202202011043,青ヶ島村,2204-2,,
13402-0100-7.zip,202202011043,青ヶ島村,2205-1,,
13402-0100-7.zip,202202011043,青ヶ島村,2205-2,,
13402-0100-7.zip,202202011043,青ヶ島村,2205-3,,
13402-0100-7.zip,202202011043,青ヶ島村,2208,,
13402-0100-7.zip,202202011043,青ヶ島村,2210,,
13402-0100-7.zip,202202011043,青ヶ島村,2211,,
13402-0100-7.zip,202202011043,青ヶ島村,2212,,
13402-0100-7.zip,202202011043,青ヶ島村,2213,,
13402-0100-7.zip,202202011043,青ヶ島村,2215,,
13402-0100-7.zip,202202011043,青ヶ島村,2216,,
13402-0100-7.zip,202202011043,青ヶ島村,2217,,
13402-0100-7.zip,202202011043,青ヶ島村,2218,,
13402-0100-7.zip,202202011043,青ヶ島村,2220,,
13402-0100-7.zip,202202011043,青ヶ島村,2221,,
13402-0100-7.zip,202202011043,青ヶ島村,2222,,
13402-0100-7.zip,202202011043,青ヶ島村,2223,,
13402-0100-7.zip,202202011043,青ヶ島村,2225,,
13402-0100-7.zip,202202011043,青ヶ島村,2226,,
13402-0100-7.zip,202202011043,青ヶ島村,2227,,
13402-0100-7.zip,202202011043,青ヶ島村,2228,,
13402-0100-7.zip,202202011043,青ヶ島村,2229,,
13402-0100-7.zip,202202011043,青ヶ島村,2231,,
13402-0100-7.zip,202202011043,青ヶ島村,2232,,
13402-0100-7.zip,202202011043,青ヶ島村,2233,,
13402-0100-7.zip,202202011043,青ヶ島村,2234,,
13402-0100-7.zip,202202011043,青ヶ島村,2235,,
13402-0100-7.zip,202202011043,青ヶ島村,2236,,
13402-0100-7.zip,202202011043,青ヶ島村,2237,,
13402-0100-7.zip,202202011043,青ヶ島村,2238-1,,
13402-0100-7.zip,202202011043,青ヶ島村,2238-2,,
13402-0100-7.zip,202202011043,青ヶ島村,2241,,
13402-0100-7.zip,202202011043,青ヶ島村,2245,,
13402-0100-7.zip,202202011043,青ヶ島村,2246,,
13402-0100-7.zip,202202011043,青ヶ島村,2247,,
13402-0100-7.zip,202202011043,青ヶ島村,2248,,
13402-0100-7.zip,202202011043,青ヶ島村,2249-1,,
13402-0100-7.zip,202202011043,青ヶ島村,2249-2,,
13402-0100-7.zip,202202011043,青ヶ島村,2249-3,,
13402-0100-7.zip,202202011043,青ヶ島村,2249-4,,
13402-0100-7.zip,202202011043,青ヶ島村,2250,,
13402-0100-7.zip,202202011043,青ヶ島村,2251,,
13402-0100-7.zip,202202011043,青ヶ島村,2252,,
13402-0100-7.zip,202202011043,青ヶ島村,2253,,
13402-0100-7.zip,202202011043,青ヶ島村,2254,,
13402-0100-7.zip,202202011043,青ヶ島村,2255,,
13402-0100-7.zip,202202011043,青ヶ島村,2401,,
13402-0100-7.zip,202202011043,青ヶ島村,2402,,
13402-0100-7.zip,202202011043,青ヶ島村,2403-1,,
13402-0100-7.zip,202202011043,青ヶ島村,2403-2,,
13402-0100-7.zip,202202011043,青ヶ島村,2405,,
13402-0100-7.zip,202202011043,青ヶ島村,2406,,
13402-0100-7.zip,202202011043,青ヶ島村,2407,,
13402-0100-7.zip,202202011043,青ヶ島村,2408,,
13402-0100-7.zip,202202011043,青ヶ島村,2409,,
13402-0100-7.zip,202202011043,青ヶ島村,2410-1,,
13402-0100-7.zip,202202011043,青ヶ島村,2410-2,,
13402-0100-7.zip,202202011043,青ヶ島村,2411,,
13402-0100-7.zip,202202011043,青ヶ島村,2412,,
13402-0100-7.zip,202202011043,青ヶ島村,2413,,
13402-0100-7.zip,202202011043,青ヶ島村,2414,,
13402-0100-7.zip,202202011043,青ヶ島村,2415,,
13402-0100-7.zip,202202011043,青ヶ島村,2416,,
13402-0100-7.zip,202202011043,青ヶ島村,2417,,
13402-0100-7.zip,202202011043,青ヶ島村,2418,,
13402-0100-7.zip,202202011043,青ヶ島村,2419,,
13402-0100-7.zip,202202011043,青ヶ島村,2420,,
13402-0100-7.zip,202202011043,青ヶ島村,2421,,
13402-0100-7.zip,202202011043,青ヶ島村,2424,,
13402-0100-7.zip,202202011043,青ヶ島村,2425,,
13402-0100-7.zip,202202011043,青ヶ島村,2426,,
13402-0100-7.zip,202202011043,青ヶ島村,2427,,
13402-0100-7.zip,202202011043,青ヶ島村,2428,,
13402-0100-7.zip,202202011043,青ヶ島村,2429,,
13402-0100-7.zip,202202011043,青ヶ島村,2430,,
13402-0100-7.zip,202202011043,青ヶ島村,2431,,
13402-0100-7.zip,202202011043,青ヶ島村,2432,,
13402-0100-7.zip,202202011043,青ヶ島村,2433,,
13402-0100-7.zip,202202011043,青ヶ島村,2434,,
13402-0100-7.zip,202202011043,青ヶ島村,2435,,
13402-0100-7.zip,202202011043,青ヶ島村,2436,,
13402-0100-7.zip,202202011043,青ヶ島村,2437,,
13402-0100-7.zip,202202011043,青ヶ島村,2438,,
13402-0100-7.zip,202202011043,青ヶ島村,2439,,
13402-0100-7.zip,202202011043,青ヶ島村,2440,,
13402-0100-7.zip,202202011043,青ヶ島村,2441,,
13402-0100-7.zip,202202011043,青ヶ島村,2442,,
13402-0100-7.zip,202202011043,青ヶ島村,2443,,
13402-0100-7.zip,202202011043,青ヶ島村,2444,,
13402-0100-7.zip,202202011043,青ヶ島村,2445,,
13402-0100-7.zip,202202011043,青ヶ島村,2446,,
13402-0100-7.zip,202202011043,青ヶ島村,2447-1,,
13402-0100-7.zip,202202011043,青ヶ島村,2447-2,,
13402-0100-7.zip,202202011043,青ヶ島村,2448,,
13402-0100-7.zip,202202011043,青ヶ島村,2449,,
13402-0100-7.zip,202202011043,青ヶ島村,2450,,
13402-0100-7.zip,202202011043,青ヶ島村,2451-1,,
13402-0100-7.zip,202202011043,青ヶ島村,2451-2,,
13402-0100-7.zip,202202011043,青ヶ島村,2452,,
13402-0100-7.zip,202202011043,青ヶ島村,2453,,
13402-0100-7.zip,202202011043,青ヶ島村,2454,,
13402-0100-7.zip,202202011043,青ヶ島村,2455,,
13402-0100-7.zip,202202011043,青ヶ島村,2456,,
13402-0100-7.zip,202202011043,青ヶ島村,2457,,
13402-0100-7.zip,202202011043,青ヶ島村,2458,,
13402-0100-7.zip,202202011043,青ヶ島村,2459,,
13402-0100-7.zip,202202011043,青ヶ島村,2460,,
13402-0100-7.zip,202202011043,青ヶ島村,2461,,
13402-0100-7.zip,202202011043,青ヶ島村,2462,,
13402-0100-7.zip,202202011043,青ヶ島村,2463,,
13402-0100-7.zip,202202011043,青ヶ島村,2464,,
13402-0100-7.zip,202202011043,青ヶ島村,2465,,
13402-0100-7.zip,202202011043,青ヶ島村,2466,,
13402-0100-7.zip,202202011043,青ヶ島村,2467,,
13402-0100-7.zip,202202011043,青ヶ島村,2468,,
13402-0100-7.zip,202202011043,青ヶ島村,2469,,
13402-0100-7.zip,202202011043,青ヶ島村,2470,,
13402-0100-7.zip,202202011043,青ヶ島村,2471,,
13402-0100-7.zip,202202011043,青ヶ島村,2472,,
13402-0100-7.zip,202202011043,青ヶ島村,2473,,
13402-0100-7.zip,202202011043,青ヶ島村,2474,,
13402-0100-7.zip,202202011043,青ヶ島村,2475,,
13402-0100-7.zip,202202011043,青ヶ島村,2476,,
13402-0100-7.zip,202202011043,青ヶ島村,2477,,
13402-0100-7.zip,202202011043,青ヶ島村,2478,,
13402-0100-7.zip,202202011043,青ヶ島村,2479,,
13402-0100-7.zip,202202011043,青ヶ島村,2480,,
13402-0100-7.zip,202202011043,青ヶ島村,2482,,
13402-0100-7.zip,202202011043,青ヶ島村,2483,,
13402-0100-7.zip,202202011043,青ヶ島村,2484,,
13402-0100-7.zip,202202011043,青ヶ島村,2485,,
13402-0100-7.zip,202202011043,青ヶ島村,2488,,
13402-0100-7.zip,202202011043,青ヶ島村,2490,,
13402-0100-7.zip,202202011043,青ヶ島村,2493,,
13402-0100-7.zip,202202011043,青ヶ島村,2498,,
13402-0100-7.zip,202202011043,青ヶ島村,2499,,
13402-0100-7.zip,202202011043,青ヶ島村,2501,,
13402-0100-7.zip,202202011043,青ヶ島村,2502,,
13402-0100-7.zip,202202011043,青ヶ島村,2503,,
13402-0100-7.zip,202202011043,青ヶ島村,2504,,
13402-0100-7.zip,202202011043,青ヶ島村,2505,,
13402-0100-7.zip,202202011043,青ヶ島村,2506,,
13402-0100-7.zip,202202011043,青ヶ島村,2508,,
13402-0100-7.zip,202202011043,青ヶ島村,2509,,
13402-0100-7.zip,202202011043,青ヶ島村,2511,,
13402-0100-7.zip,202202011043,青ヶ島村,無地番-1,,
13402-0100-7.zip,202202011043,青ヶ島村,無地番-2,,
13402-0100-7.zip,202202011043,青ヶ島村,無地番-4,,
13402-0100-7.zip,202202011043,青ヶ島村,無地番-5,,
13402-0100-7.zip,202202011043,青ヶ島村,無地番-6,,
13402-0100-7.zip,202202011043,青ヶ島村,無地番-7,,
13402-0100-7.zip,202202011043,青ヶ島村,無地番-9,,
13402-0100-7.zip,202202011043,青ヶ島村,無地番-10,,
13402-0100-7.zip,202202011043,青ヶ島村,無地番-11,,
13402-0100-7.zip,202202011043,青ヶ島村,無地番-12,,
13402-0100-7.zip,202202011043,青ヶ島村,無地番-13,,
13402-0100-7.zip,202202011043,青ヶ島村,無地番-14,,
13402-0100-7.zip,202202011043,青ヶ島村,無地番-15,,
13402-0100-7.zip,202202011043,青ヶ島村,無地番-16,,
13402-0100-7.zip,202202011043,青ヶ島村,無地番-18,,
13402-0100-7.zip,202202011043,青ヶ島村,地区外-1482950,,
13402-0100-7.zip,202202011043,青ヶ島村,地区外-1482951,,
13402-0100-7.zip,202202011043,青ヶ島村,地区外-1482952,,
13402-0100-7.zip,202202011043,青ヶ島村,地区外-1482953,,
13402-0100-7.zip,202202011043,青ヶ島村,地区外-1482954,,
13402-0100-7.zip,202202011043,青ヶ島村,地区外-1482955,,
13402-0100-7.zip,202202011043,青ヶ島村,地区外-1482956,,
13402-0100-7.zip,202202011043,青ヶ島村,地区外-1482957,,
13402-0100-7.zip,202202011043,青ヶ島村,地区外-1482958,,
13402-0100-7.zip,202202011043,青ヶ島村,地区外-1482959,,
13402-0100-7.zip,202202011043,青ヶ島村,地区外-1482960,,
13402-0100-7.zip,202202011043,青ヶ島村,地区外-1482961,,
13402-0100-7.zip,202202011043,青ヶ島村,地区外-1482962,,
13402-0100-8.zip,202202011043,青ヶ島村,1701,,
13402-0100-8.zip,202202011043,青ヶ島村,1702,,
13402-0100-8.zip,202202011043,青ヶ島村,1703,,
13402-0100-8.zip,202202011043,青ヶ島村,1704,,
13402-0100-8.zip,202202011043,青ヶ島村,1705,,
13402-0100-8.zip,202202011043,青ヶ島村,1706,,
13402-0100-8.zip,202202011043,青ヶ島村,1707,,
13402-0100-8.zip,202202011043,青ヶ島村,1708,,
13402-0100-8.zip,202202011043,青ヶ島村,1709,,
13402-0100-8.zip,202202011043,青ヶ島村,1710,,
13402-0100-8.zip,202202011043,青ヶ島村,1711,,
13402-0100-8.zip,202202011043,青ヶ島村,1712,,
13402-0100-8.zip,202202011043,青ヶ島村,1713-1,,
13402-0100-8.zip,202202011043,青ヶ島村,1713-2,,
13402-0100-8.zip,202202011043,青ヶ島村,1714-1,,
13402-0100-8.zip,202202011043,青ヶ島村,1714-2,,
13402-0100-8.zip,202202011043,青ヶ島村,1714-3,,
13402-0100-8.zip,202202011043,青ヶ島村,1714-4,,
13402-0100-8.zip,202202011043,青ヶ島村,1714-5,,
13402-0100-8.zip,202202011043,青ヶ島村,1714-6,,
13402-0100-8.zip,202202011043,青ヶ島村,1715,,
13402-0100-8.zip,202202011043,青ヶ島村,1716,,
13402-0100-8.zip,202202011043,青ヶ島村,1717,,
13402-0100-8.zip,202202011043,青ヶ島村,1718,,
13402-0100-8.zip,202202011043,青ヶ島村,1719,,
13402-0100-8.zip,202202011043,青ヶ島村,1720-1,,
13402-0100-8.zip,202202011043,青ヶ島村,1720-2,,
13402-0100-8.zip,202202011043,青ヶ島村,1721-1,,
13402-0100-8.zip,202202011043,青ヶ島村,1721-2,,
13402-0100-8.zip,202202011043,青ヶ島村,1722-1,,
13402-0100-8.zip,202202011043,青ヶ島村,1722-2,,
13402-0100-8.zip,202202011043,青ヶ島村,1723,,
13402-0100-8.zip,202202011043,青ヶ島村,1724-1,,
13402-0100-8.zip,202202011043,青ヶ島村,1724-2,,
13402-0100-8.zip,202202011043,青ヶ島村,1725,,
13402-0100-8.zip,202202011043,青ヶ島村,1726-1,,
13402-0100-8.zip,202202011043,青ヶ島村,1726-2,,
13402-0100-8.zip,202202011043,青ヶ島村,1727-1,,
13402-0100-8.zip,202202011043,青ヶ島村,1727-2,,
13402-0100-8.zip,202202011043,青ヶ島村,1728,,
13402-0100-8.zip,202202011043,青ヶ島村,1729,,
13402-0100-8.zip,202202011043,青ヶ島村,1730,,
13402-0100-8.zip,202202011043,青ヶ島村,1731,,
13402-0100-8.zip,202202011043,青ヶ島村,1732-1,,
13402-0100-8.zip,202202011043,青ヶ島村,1732-2,,
13402-0100-8.zip,202202011043,青ヶ島村,1733,,
13402-0100-8.zip,202202011043,青ヶ島村,1734,,
13402-0100-8.zip,202202011043,青ヶ島村,1735-1,,
13402-0100-8.zip,202202011043,青ヶ島村,1735-2,,
13402-0100-8.zip,202202011043,青ヶ島村,1736-1,,
13402-0100-8.zip,202202011043,青ヶ島村,1736-2,,
13402-0100-8.zip,202202011043,青ヶ島村,1737,,
13402-0100-8.zip,202202011043,青ヶ島村,1738,,
13402-0100-8.zip,202202011043,青ヶ島村,1739,,
13402-0100-8.zip,202202011043,青ヶ島村,1740,,
13402-0100-8.zip,202202011043,青ヶ島村,1741,,
13402-0100-8.zip,202202011043,青ヶ島村,1742,,
13402-0100-8.zip,202202011043,青ヶ島村,1743,,
13402-0100-8.zip,202202011043,青ヶ島村,1744,,
13402-0100-8.zip,202202011043,青ヶ島村,1745,,
13402-0100-8.zip,202202011043,青ヶ島村,1746,,
13402-0100-8.zip,202202011043,青ヶ島村,1747-1,,
13402-0100-8.zip,202202011043,青ヶ島村,1747-2,,
13402-0100-8.zip,202202011043,青ヶ島村,1748,,
13402-0100-8.zip,202202011043,青ヶ島村,1749-1,,
13402-0100-8.zip,202202011043,青ヶ島村,1749-2,,
13402-0100-8.zip,202202011043,青ヶ島村,1750,,
13402-0100-8.zip,202202011043,青ヶ島村,1751,,
13402-0100-8.zip,202202011043,青ヶ島村,1752,,
13402-0100-8.zip,202202011043,青ヶ島村,地区外-1485255,,
13402-0100-8.zip,202202011043,青ヶ島村,地区外-1485256,,
13402-0100-8.zip,202202011043,青ヶ島村,地区外-1485257,,
13402-0100-8.zip,202202011043,青ヶ島村,地区外-1485258,,
13402-0100-9.zip,202202011043,青ヶ島村,101,,
13402-0100-9.zip,202202011043,青ヶ島村,304,,
13402-0100-9.zip,202202011043,青ヶ島村,1001,,
13402-0100-9.zip,202202011043,青ヶ島村,1002,,
13402-0100-9.zip,202202011043,青ヶ島村,1003,,
13402-0100-9.zip,202202011043,青ヶ島村,1004,,
13402-0100-9.zip,202202011043,青ヶ島村,1005,,
13402-0100-9.zip,202202011043,青ヶ島村,1006,,
13402-0100-9.zip,202202011043,青ヶ島村,1007,,
13402-0100-9.zip,202202011043,青ヶ島村,1008,,
13402-0100-9.zip,202202011043,青ヶ島村,1009,,
13402-0100-9.zip,202202011043,青ヶ島村,地区外-1486374,,
13402-0100-9.zip,202202011043,青ヶ島村,地区外-1486375,,
13402-0100-9.zip,202202011043,青ヶ島村,地区外-1486376,,
13402-0100-9.zip,202202011043,青ヶ島村,地区外-1486377,,
13402-0100-9.zip,202202011043,青ヶ島村,地区外-1486378,,
13402-0100-9.zip,202202011043,青ヶ島村,地区外-1486379,,
13402-0100-9.zip,202202011043,青ヶ島村,地区外-1486380,,
13402-0100-9.zip,202202011043,青ヶ島村,地区外-1486381,,
